{
  "run_id": "20251029_065529",
  "elapsed_time": 18.558753967285156,
  "elapsed_minutes": 0.3093125661214193,
  "tasks_completed": 1,
  "tasks_total": 1,
  "results": [
    {
      "task": "simple_function",
      "level": 1,
      "success": true,
      "duration": 18.489778995513916,
      "rounds_used": 75,
      "failure_category": null
    }
  ]
}